run,save,mode,frames,cpuMs,gpuMs,renderSampledMsPerFrame,processSampledMsPerFrame,renderRunningMsPerFrame,readyMsPerFrame,waitMsPerFrame,runningPct,readyPct,waitingPct,coverageErrorMs,coveragePassed,temporal_unionMsPerFrame,recoveryMsPerFrame,producer_poseMsPerFrame,readback_wrapperMsPerFrame,render_wrapperMsPerFrame,recovery_telemetryMsPerFrame,material_guard_unionMsPerFrame,retain_sceneMsPerFrame,retain_lightMsPerFrame,vendor_evaluateMsPerFrame,d3d_lock_executionMsPerFrame,leaf_skyrimMsPerFrame,leaf_csxMsPerFrame,leaf_nvidia_umMsPerFrame,relatch_serviceMsPerFrame,presentation_mutex_candidateMsPerFrame,sphere_AMsPerFrame,sphere_BMsPerFrame,compound_frustumMsPerFrame,job_wait_help_executionMsPerFrame,job_dispatchMsPerFrame,coverageStatus
Balanced 1,08,DLAA,600,4.766,9.27,12.61382666666668,29.922376666666622,12.585555499999455,0.054032666669219985,4.027857333333096,75.51333299999673,0.3241960000153199,24.16714399999858,0.4673000010625401,True,0.051741333333333334,0.0,0.0,0.05007466666666666,0.0016666666666666668,0.0,0.12841849999999996,0.013353333333333333,0.0116815,0.10671766666666666,0.0,6.101219499999992,1.6275251666666655,0.5527268333333333,0.0,0.0016666666666666668,0.035018833333333325,0.0,0.006672500000000001,0.0016681666666666665,0.0,PASS
Balanced 1,11,DLSS,1069,8.753,8.434,8.75025715622075,46.33727240411608,8.65502217025383,0.16296127221728496,0.5385253507949409,92.52218700001343,1.7420560000027763,5.756835999997918,2.1079000014124176,True,0.03504705332086062,0.0,0.0,0.033171842843779234,0.0018752104770813844,0.0,0.04979382600561272,0.023560056127221705,0.022620954162768943,0.1179173994387278,0.0,3.302311506080447,1.0181579981290922,0.6433370439663237,0.0,0.0,0.0,0.008595790458372311,0.003742376052385407,0.14996108512628623,0.02661927034611787,PASS
Balanced 1,09,DLAA,960,6.116,8.294,9.022193333333357,23.91992916666669,9.014260416663527,0.058621145830913456,1.3451272916680541,86.53689999996986,0.5627629999767692,12.91322200001332,1.2884999959951529,True,0.05250979166666665,0.0,0.0,0.05042635416666666,0.0020834375,0.0,0.11075635416666672,0.007306666666666667,0.007306666666666667,0.10841937500000003,0.0,2.865245833333332,1.1211034374999995,1.3191271874999997,0.0,0.0,0.0,0.0,0.0,0.0,0.0,PASS
Balanced 1,12,DLSS,911,8.826,9.248,10.390633589462125,39.764741053787084,10.38487793633454,0.05527936336190312,0.5454904500600657,94.60623800000765,0.5035950002269374,4.969418000047199,7.925100028178349,False,0.031926015367727774,0.0,0.0,0.02856059275521405,0.0033654226125137215,0.0,0.05937958287596047,0.029745444566410532,0.028647749725576283,0.14391229418221743,0.0,4.738124588364434,1.0958969264544458,0.44028803512623477,0.0,0.0010981339187705818,0.0,0.1168032930845225,0.029770472008781558,0.34864270032930855,0.14860274423710207,PASS*
Balanced 1,10,DLAA,894,7.39,9.244,10.771903131991088,39.59175279642061,10.754279418347453,0.05401073828839866,0.3776488814349945,96.14325800002624,0.482856000298284,3.3761810000288506,0.22950003533696872,True,0.00894351230425056,0.0,0.0,0.007824384787472036,0.0011191275167785233,0.0,0.16553903803131984,0.008946868008948545,0.008946868008948545,0.13316185682326623,0.0,4.5616784116331,1.448345190156601,0.45119306487695743,0.0,0.0,0.0,0.0,0.0,0.0011185682326621924,0.0,PASS
Balanced 1,13,DLSS,584,13.41,12.322,16.323061472602777,43.04909160958904,16.271898287670176,0.04886592467381536,0.8044743150774271,95.02788599999383,0.2853770000950817,4.698130000052174,1.1393000141088123,True,0.005136301369863014,0.0,0.0,0.0,0.005136301369863014,0.0,0.0995544520547945,0.015420205479452054,0.015420205479452054,0.1370563356164384,0.0,7.843779794520552,2.180115068493149,0.639685616438356,0.0,0.0017131849315068493,0.0,0.4396467465753424,0.11522722602739728,0.36088972602739744,0.17168099315068486,PASS
Performance,08,DLAA,599,5.291,9.642,13.797611853088465,49.187521869783026,13.823393155259964,0.09875358931576242,2.7726133555922288,82.80212500000718,0.5915340000014169,16.607953999997452,0.161300000605479,True,0.056881969949916525,0.0,0.0,0.05349015025041736,0.003391819699499165,0.0,0.11711836393989984,0.015101502504173622,0.015101502504173622,0.11858981636060101,0.0,6.567497829716182,1.656655926544239,0.6718951585976627,0.0,0.0016702838063439064,0.030055759599332214,0.0,0.00667779632721202,0.0,0.0,PASS
Performance,11,DLSS,989,8.603,8.721,9.21811496461072,53.353102527806286,9.164119514664927,0.31214954500081693,0.6368381193116001,90.63314200003613,3.0871590000580795,6.298328999991725,1.8630000085940992,True,0.02861445904954499,0.0,0.0,0.027603336703741155,0.0010111223458038423,0.0,0.05557512639029325,0.019358139534883724,0.01733589484327604,0.13556491405460064,0.0,3.5116719919110153,1.1158086956521729,0.4552220424671381,0.0,0.0,0.0,0.013303842264914054,0.0010900910010111225,0.1420593528816987,0.023456825075834173,PASS
Performance,09,DLAA,883,5.849,8.601,9.518748810872022,25.834849490373642,9.506927066817534,0.06385141562606,1.7545869762193704,83.94616599999883,0.5638079999781098,15.49300300001704,0.2976999993989011,True,0.05922355605889015,0.0,0.0,0.054693544733861836,0.004530011325028313,0.0,0.08522729331823328,0.007989354473386185,0.006792298980747452,0.1359229898074745,0.0,3.1668392978482474,1.150602265005663,1.3649575311438282,0.0,0.004529784824462061,0.0,0.0,0.0,0.0,0.0,PASS
Performance,12,DLSS,876,8.412,9.198,10.805284018264853,37.75099942922386,10.759658904112548,0.06333710047925803,0.5987989726081437,94.25461200002592,0.5548330001983004,5.2454790000473395,5.492400027156691,False,0.035515296803652965,0.0,0.0,0.03437294520547945,0.001142351598173516,0.0,0.04809977168949773,0.027413926940639266,0.025130821917808216,0.150883105022831,0.0,4.841207077625575,1.1197202054794522,0.6557942922374425,0.0,0.0011484018264840182,0.0,0.13327248858447488,0.02421986301369863,0.3598063926940637,0.13878698630136985,REVIEW_REQUIRED
Performance,10,DLAA,883,7.066,9.261,10.848918006795024,42.47437984144953,10.819479161944631,0.1258419026319979,0.3824055492687471,95.5360009999711,1.1111840002405415,3.376641000043037,2.3826000254666724,True,0.03960328425821064,0.0,0.0,0.03733567383918458,0.0022676104190260476,0.0,0.13027112117780296,0.014798980747451868,0.013666138165345412,0.11781121177802947,0.0,4.617501812004545,1.4212107587768965,0.5337168742921857,0.0,0.0011325028312570782,0.0,0.0,0.0,0.0,0.0,PASS
Performance,13,DLSS,556,17.565,13.288,17.526277517985484,48.86275377697849,17.467821942445696,0.04771996404930005,0.47155521583169385,97.12108999999806,0.26532300011410825,2.6218470000242178,0.8260000136378949,True,0.008998561151079137,0.0,0.0,0.003600179856115108,0.005398381294964029,0.0,0.15304046762589932,0.023408812949640288,0.021608812949640288,0.17635377697841728,0.0,8.376193345323756,2.362724820143887,0.6951622302158273,0.0,0.001798021582733813,0.0,0.5400561151079141,0.12111492805755396,0.30453723021582724,0.12062643884892088,PASS
Legacy,08,DLAA,599,5.477,9.652,14.058443071786268,50.98762053422366,14.157947078464305,0.12973188647820352,2.406963606009494,84.80610300000119,0.7770940000044391,14.417711999996868,0.09090000024843903,True,0.0418330550918197,0.0,0.0,0.0418330550918197,0.0,0.0,0.11517879799666111,0.028463272120200337,0.026793823038397332,0.13192654424040065,0.0,6.722935726210365,1.7103891485809697,0.6188752921535894,0.0,0.0,0.028363439065108513,0.0,0.006672787979966611,0.0,0.0,PASS
Legacy,11,DLSS,966,8.687,8.758,9.662237163561045,51.49147732919247,9.566913354036725,0.17276097309032584,0.6141838509296361,92.41638299999477,1.6688710000525475,5.9330159999802845,1.827000002760542,True,0.03972453416149068,0.0,0.0,0.036513975155279495,0.0032105590062111804,0.0,0.05189741200828159,0.02390393374741201,0.02286873706004141,0.1657923395445134,0.0,3.5544874741200814,1.2103429606625256,0.6599788819875774,0.0,0.0010350931677018634,0.0,0.006211180124223602,0.0010351966873706005,0.1526204968944099,0.016863768115942028,PASS
Legacy,09,DLAA,878,5.804,8.576,9.402257744874705,25.414781776765352,9.453734851935767,0.0622706150329396,1.8760576309802315,83.00379199999603,0.5467359999892096,16.471786000006432,2.231399999167479,True,0.05275296127562642,0.0,0.0,0.050475626423690204,0.0022773348519362184,0.0,0.09344999999999999,0.007968109339407746,0.007968109339407746,0.13788826879271074,0.0,3.0541266514806393,1.1685380410022779,1.414898519362186,0.0,0.002278018223234624,0.0,0.0,0.0,0.0,0.0,PASS
Legacy,12,DLSS,870,8.467,9.25,11.006781264367778,39.324432988505706,11.025635977010639,0.0640434483048351,0.41092551724483234,95.92303299999256,0.5571780002520654,3.575052000030041,5.526300027466277,False,0.043801839080459766,0.0,0.0,0.036836551724137925,0.006965287356321838,0.0,0.06802149425287356,0.02086873563218391,0.018568045977011498,0.14607229885057463,0.0,4.950923908045982,1.1904990804597695,0.6735587356321846,0.0,0.0011496551724137932,0.0,0.16093816091954022,0.024175977011494255,0.38621068965517247,0.14084999999999998,REVIEW_REQUIRED
Legacy,10,DLAA,910,7.184,9.205,10.508842637362614,41.14769307692297,10.492894615385577,0.11218087915199998,0.3841830769261548,95.48534100000876,1.0208460002831998,3.4960660000280086,0.22530003199608473,True,0.024152637362637355,0.0,0.0,0.023052747252747245,0.0010998901098901099,0.0,0.13954692307692299,0.01648824175824176,0.01648824175824176,0.13631571428571435,0.0,4.421438681318683,1.4054634065934077,0.4947554945054943,0.0,0.001099120879120879,0.0,0.0,0.0,0.0,0.0,PASS
Legacy,13,DLSS,588,13.199,12.686,15.749399489795948,37.27367499999999,15.724675170075185,0.048228061247193005,1.251403061232958,92.46109000004209,0.28358100013349485,7.358250000049793,10.292100022537852,False,0.0017059523809523811,0.0,0.0,0.0017059523809523811,0.0,0.0,0.10897006802721088,0.023886734693877552,0.023886734693877552,0.11908503401360547,0.0,7.562060714285721,2.1907530612244894,0.673383843537415,0.0,0.0,0.0,0.2407416666666667,0.07553129251700681,0.597687074829932,0.2085034013605441,REVIEW_REQUIRED
Balanced 2 uncertain,08,DLAA,600,5.37,9.799,13.404340500000016,49.59082083333342,13.437784333333198,0.13820283333515704,3.091045666666376,80.62670599999919,0.8292170000109422,18.546273999998256,0.21970000083820196,True,0.06675316666666666,0.0,0.0,0.06508649999999998,0.0016666666666666668,0.0,0.111675,0.0150185,0.013343333333333334,0.10503783333333336,0.0,6.473375333333328,1.6029096666666687,0.6308741666666664,0.0,0.0,0.044987833333333324,0.0,0.0,0.0,0.0,PASS
Balanced 2 uncertain,11,DLSS,1028,8.668,8.423,9.05795583657583,49.61373725680952,9.032729280154461,0.1712922179061293,0.5265570038924602,92.85645699998786,1.7608840000750092,5.413006000014491,3.034700007736319,True,0.033578891050583655,0.0,0.0,0.032606128404669255,0.0009727626459143969,0.0,0.05267577821011673,0.022617509727626457,0.021644455252918287,0.1177554474708171,0.0,3.4480299610894964,1.0463400778210128,0.697395428015565,0.0,0.0,0.0,0.04419990272373541,0.00990466926070039,0.1222240272373541,0.019667217898832686,PASS
Balanced 2 uncertain,09,DLAA,1014,6.004,8.094,8.698084812623264,23.05452554240633,8.648584319526298,0.06404832346890034,1.1507298816574512,87.69664499999666,0.6494499999746495,11.668401000006554,1.4495999977862084,True,0.052653747534516765,0.0,0.0,0.04772307692307694,0.004930670611439842,0.0,0.08500394477317554,0.01187120315581854,0.01084792899408284,0.12628313609467454,0.0,2.7575341222879683,1.088610355029585,1.281024753451677,0.0,0.001972781065088757,0.0,0.0,0.0,0.0,0.0,PASS
Balanced 2 uncertain,12,DLSS,974,8.676,8.971,9.902692299794667,34.02686560574943,9.83908110882977,0.056889322401405214,0.37662268994422604,95.83265000000196,0.5541020001896868,3.668305000056762,5.505700024841644,False,0.03808798767967146,0.0,0.0,0.037058829568788504,0.0010291581108829567,0.0,0.07091868583162217,0.02367094455852156,0.022644250513347026,0.1469045174537988,0.0,4.448447638603691,1.1042940451745393,0.5332185831622179,0.0,0.002070123203285421,0.0,0.2056324435318275,0.048480390143737166,0.28557474332648874,0.09095071868583163,REVIEW_REQUIRED
Balanced 2 uncertain,10,DLAA,953,6.918,8.761,10.00809118572928,41.36956201469051,9.992150052465636,0.12226998953620861,0.3789768100754862,95.22518999999751,1.1652330002800682,3.6116490000193835,0.20720002969574125,True,0.030413116474291714,0.0,0.0,0.02936327387198321,0.0010498426023084993,0.0,0.12077785939139551,0.01783305351521511,0.015737775445960125,0.11231017838405037,0.0,4.2328427072402866,1.2862623294858344,0.4258291710388245,0.0,0.0,0.0,0.0,0.0,0.0,0.0,PASS
Balanced 2 uncertain,13,DLSS,553,18.764,13.093,17.652557323689017,48.902514104882385,17.64280741410483,0.04879873419830823,0.39293037975164863,97.56472499999971,0.2698570001166445,2.172905000026617,0.7487000142973557,True,0.005425678119349005,0.0,0.0,0.003616636528028933,0.0018090415913200723,0.0,0.17918010849909585,0.010962748643761303,0.010962748643761303,0.15561446654611205,0.0,8.518676853526225,2.333901084990956,0.7970112115732368,0.0,0.0,0.0,0.6537654611211571,0.12323200723327303,0.2647900542495479,0.12142368896925859,PASS
Balanced 3,08,DLAA,600,5.78,9.814,14.07979166666668,50.89426800000003,14.085215833334892,0.12375166666667307,2.458188666667593,84.51129500000935,0.7425100000000384,14.74913200000556,0.293700001495381,True,0.05004766666666667,0.0,0.0,0.04671433333333334,0.0033333333333333335,0.0,0.11503650000000006,0.0250055,0.023338833333333333,0.1300875,0.0,6.76572583333332,1.7676851666666664,0.5545138333333335,0.0,0.0017796666666666668,0.018325833333333333,0.0,0.008327833333333333,0.0,0.0,PASS
Balanced 3,11,DLSS,1060,8.778,8.195,8.642643679245266,52.345553867924494,8.588157641507589,0.32852254717428603,0.5193247169812926,91.03447099998044,3.482339000047432,5.504842000001702,2.1652000029571354,True,0.010686792452830189,0.0,0.0,0.008773490566037736,0.0019133018867924531,0.0,0.044488584905660385,0.024702830188679248,0.021843962264150946,0.14346150943396227,0.0,3.4703482075471714,1.0172250943396233,0.28981462264150937,0.0,0.0,0.0,0.017335283018867928,0.007583207547169811,0.17277188679245287,0.019180188679245286,PASS
Balanced 3,09,DLAA,1049,6.0,7.95,8.363537178265007,22.7557041944709,8.337800190658418,0.06567292659338515,1.1303137273609283,87.46352400000681,0.6889089999646103,11.856991000016137,0.9423999987557181,True,0.041380552907530975,0.0,0.0,0.04042735938989513,0.0009531935176358437,0.0,0.08105824594852246,0.008611439466158246,0.007658150619637751,0.12115443279313634,0.0,2.6482472831267883,0.9942200190657786,1.2825510962821733,0.0,0.0009531935176358437,0.0,0.0,0.0,0.0,0.0,PASS
Balanced 3,12,DLSS,963,8.925,8.868,9.856679335410185,35.90360508826587,9.81044413291798,0.05709034270144583,0.5185461059239632,94.47457700000014,0.5497800002149233,4.993599000047766,1.7956000262820453,True,0.02494330218068536,0.0,0.0,0.02494330218068536,0.0,0.0,0.06464039460020767,0.021973624091381098,0.020934579439252338,0.16209148494288686,0.0,4.271598857736239,1.167918068535825,0.4355833852544135,0.0,0.0,0.0,0.1138429906542056,0.04608369678089305,0.29860944963655256,0.09082679127725858,PASS
Balanced 3,10,DLAA,980,6.433,8.361,9.6641173469388,42.38051326530606,9.679942244896624,0.1412906122748943,0.38910234694257345,94.86343399998692,1.3846480002939643,3.8132030000372197,6.128500031809381,False,0.03874224489795919,0.0,0.0,0.034658571428571434,0.004083673469387755,0.0,0.11945459183673471,0.015307346938775508,0.01326612244897959,0.1122735714285715,0.0,4.114206734693879,1.2414547959183664,0.45460173469387744,0.0,0.0,0.0,0.0,0.0,0.0,0.0,REVIEW_REQUIRED
Balanced 3,13,DLSS,541,19.769,13.421,17.963741035120158,54.27283659889117,17.982645841033243,0.11845249540014158,0.38953512015416164,97.28611399998985,0.6408280001147659,2.1073850000340144,3.432700013861904,True,0.00924584103512015,0.0,0.0,0.007399445471349353,0.0018463955637707948,0.0,0.11474454713493532,0.01666025878003697,0.01666025878003697,0.15905859519408494,0.0,8.61332033271719,2.456711829944545,0.7885537892791125,0.0,0.0,0.0,0.6122787430683914,0.12982218114602587,0.2628643253234751,0.1018022181146026,PASS
Balanced 4,08,DLAA,600,5.757,9.857,14.112028666666662,51.174016999999985,14.094547000000269,0.13497200000121742,2.4374683333336327,84.56728200000161,0.8098320000073045,14.624810000001796,0.19240000107129163,True,0.05688133333333333,0.0,0.0,0.053380833333333336,0.0035004999999999997,0.0,0.11835666666666661,0.021679,0.020012333333333333,0.12838,0.0,6.806508999999999,1.7515875000000025,0.6061399999999998,0.0,0.0,0.031675999999999996,0.0,0.0016663333333333335,0.0,0.0,PASS
Balanced 4,11,DLSS,1118,8.782,8.027,8.33938461538461,47.243627906976656,8.283829606441063,0.17162316637848027,0.4911305903413359,92.6132150000111,1.9187470001114093,5.490840000016135,2.2802000138635776,True,0.03633765652951698,0.0,0.0,0.0317654740608229,0.004572182468694097,0.0,0.03941556350626117,0.017973792486583182,0.01707969588550984,0.15212683363148477,0.0,3.2082178890876523,0.9864800536672634,0.4623507155635064,0.0,0.0009486583184257603,0.0,0.035316368515205726,0.011918067978533096,0.13834516994633272,0.015464579606440073,PASS
Balanced 4,09,DLAA,1030,5.937,7.965,8.336847669902907,22.534676699029077,8.311016213595238,0.056490485435427756,1.3418711650493513,85.60346700003095,0.5818519999849059,13.821273000008318,0.6592000024174922,True,0.0442557281553398,0.0,0.0,0.042314368932038826,0.001941359223300971,0.0,0.07801378640776702,0.007897281553398057,0.007897281553398057,0.12718980582524272,0.0,2.6240332038834944,1.026328155339806,1.3105801941747584,0.0,0.0,0.0,0.0,0.0,0.0,0.0,PASS
Balanced 4,12,DLSS,960,8.759,8.797,10.010264062499996,36.640685833333315,9.96501093750316,0.05973010419229041,0.39393989583942357,95.66410500003035,0.573409000245988,3.7818230000584663,1.9337000334799086,True,0.042903437499999995,0.0,0.0,0.0407490625,0.002154375,0.0,0.06273552083333335,0.019805729166666668,0.01876375,0.12193895833333332,0.0,4.27788479166667,1.1451717708333347,0.5993630208333337,0.0,0.0,0.0,0.12395989583333336,0.021011041666666667,0.30447624999999995,0.0995001041666667,PASS
Balanced 4,10,DLAA,975,6.175,8.494,9.979013538461528,14.950239897435898,9.930178666668589,0.037627897454571305,0.28880379487255153,96.81924200001873,0.3668720001820702,2.8158370000073774,0.19510002081733546,True,0.048241025641025635,0.0,0.0,0.043110666666666665,0.0051303589743589735,0.0,0.10774102564102563,0.0041054358974358975,0.0041054358974358975,0.10154964102564104,0.0,3.739704717948729,1.2818553846153875,1.3108816410256394,0.0,0.0,0.0,0.0,0.0,0.0,0.0,PASS
Balanced 4,13,DLSS,561,19.693,13.128,17.518842245989333,47.44665668449199,17.41269090909877,0.04802139039139805,0.3659923351188264,97.6851960000441,0.26940000009574305,2.053217000016616,0.7813000156456837,True,0.010703743315508022,0.0,0.0,0.005355971479500891,0.00534777183600713,0.0,0.15004795008912658,0.024985026737967913,0.023202673796791445,0.15517611408199647,0.0,8.301436720142602,2.4113479500891266,0.7412153297682711,0.0,0.0017825311942959,0.0,0.5741638146167557,0.10176916221033867,0.34659821746880587,0.08929108734402852,PASS
Legacy 2,08,DLAA,600,5.768,9.828,14.184964666666646,48.987734166666584,14.129692333332017,0.11863699999904516,2.4190499999998143,84.7781539999921,0.711821999994271,14.514299999998887,0.4275999985256931,True,0.038380500000000005,0.0,0.0,0.03504716666666667,0.0033333333333333335,0.0,0.14000383333333333,0.018598666666666666,0.018598666666666666,0.13506233333333337,0.0,6.694778666666674,1.8227441666666675,0.6993683333333329,0.0,0.0016893333333333335,0.02832883333333333,0.0,0.006662833333333333,0.0,0.0,PASS
Legacy 2,11,DLSS,1081,8.238,8.082,8.457950323774279,36.72624061054586,8.387382331174306,0.12661618872396516,0.739226179463487,90.66760299999424,1.3687210001060635,7.991035000000295,2.7359000100605044,True,0.026274283071230344,0.0,0.0,0.025316373728029598,0.0009579093432007401,0.0,0.048254486586494005,0.02848066604995374,0.026630527289546714,0.14631036077705828,0.0,3.2358858464384848,0.9025737280296015,0.6506469010175769,0.0,0.0009250693802035153,0.0,0.056220906567992605,0.018732007400555042,0.13881202590194264,0.026996577243293247,PASS
Legacy 2,09,DLAA,1089,5.919,7.868,7.9299342516069835,21.328007713498643,7.855803305783965,0.05285849402993652,1.274988888891088,85.54969799998739,0.5756289999860087,13.88462900002395,0.9955999997346225,True,0.04827741046831956,0.0,0.0,0.04644113865932048,0.0018362718089990817,0.0,0.06343654729109276,0.003693388429752066,0.0027751147842056934,0.12397961432506882,0.0,2.5141125803489457,0.9523102846648304,1.2309774104683195,0.0,0.0,0.0,0.0,0.0,0.0,0.0,PASS
Legacy 2,12,DLSS,913,9.048,8.866,10.50599956188389,35.43440208105153,10.475246549838191,0.06362606793303958,0.41869901424411504,95.63900100002269,0.5809060002286515,3.8227220000487705,4.262900030011224,True,0.05490755750273821,0.0,0.0,0.050516757940854314,0.0043907995618839,0.0,0.062492223439211396,0.02103263964950712,0.02103263964950712,0.1501322015334064,0.0,3.9700378970427224,1.300661007667031,0.8370109529025193,0.0,0.001095290251916758,0.0,0.02101511500547645,0.007820810514786418,0.3057462212486309,0.07807207009857613,PASS
Legacy 2,10,DLAA,1039,5.935,8.055,9.220692589027907,13.76093301251199,9.182435996151435,0.03741183832855525,0.4051761308960675,95.40551000001341,0.38870900023368904,4.2097800000101415,0.3999000257226726,True,0.05103320500481232,0.0,0.0,0.0500711260827719,0.0009620789220404235,0.0,0.09243378248315687,0.01251963426371511,0.01251963426371511,0.10199720885466794,0.0,3.356835226179026,1.2158799807507212,1.3474179980750718,0.0,0.0,0.0,0.0,0.0,0.0,0.0,PASS
Legacy 2,13,DLSS,572,18.174,12.429,17.056723426573406,69.02253548951049,17.039039335672317,0.09516800701273982,0.3499709790213024,97.46330500004565,0.5443610001128718,2.0018340000018497,0.9500000160369382,True,0.001749125874125874,0.0,0.0,0.0,0.001749125874125874,0.0,0.11365751748251748,0.014002622377622375,0.01225437062937063,0.16268898601398607,0.0,8.436044755244744,2.1864181818181825,0.7506632867132867,0.0,0.0,0.0,0.6332038461538462,0.13841993006993009,0.27467482517482517,0.09093356643356643,PASS
Depth off,08,DLAA,573,16.635,11.687,17.034233333333393,43.11439301919731,17.008110296684862,0.0633570680658221,0.38170174520024674,97.45647200000425,0.36303600001716063,2.1871509999974137,0.6659000018826191,True,0.0,0.0,0.0,0.0,0.0,0.0,0.11534956369982549,0.0279282722513089,0.02618237347294939,0.12744712041884823,0.0,8.056065794066326,2.42432844677138,0.8276080279232118,0.0,0.0017453752181500872,0.04535113438045375,0.0,0.008717452006980802,0.0,0.0,PASS
Depth off,11,DLSS,685,9.88,9.67,11.929637956204362,54.77404350364951,11.936626861314478,0.2542113868634157,2.409557810219285,81.76589400000417,1.7413480000143977,16.505471000002103,1.2713000020667096,True,0.0,0.0,0.0,0.0,0.0,0.0,0.10823970802919708,0.02783883211678832,0.02783883211678832,0.14616306569343065,0.0,4.795549197080281,1.7163420437956198,0.5475145985401456,0.0,0.0,0.0,0.011837372262773722,0.005952992700729927,0.25842978102189784,0.03269620437956205,PASS
Depth off,09,DLAA,980,6.539,8.248,9.342536632653092,24.069878367346885,9.328540714286445,0.04954867346683915,0.8262652040825719,91.41969900000717,0.4855769999750237,8.097399000009204,0.26749999913954525,True,0.0,0.0,0.0,0.0,0.0,0.0,0.08485061224489798,0.014364897959183673,0.014364897959183673,0.1030788775510204,0.0,3.0705239795918353,1.1995679591836736,1.3773442857142868,0.0,0.0010208163265306121,0.0,0.0,0.0,0.0,0.0,PASS
Depth off,12,DLSS,599,9.797,10.503,14.251442570951545,41.235289983305556,14.243664106845355,0.054258597681374934,2.398424207015186,85.31954800000366,0.32500900011143585,14.366561000020965,1.1118000136066257,True,0.0,0.0,0.0,0.0,0.0,0.0,0.11365893155258759,0.020039065108514192,0.020039065108514192,0.13197445742904845,0.0,6.184245909849765,1.9734527545909875,0.6652809682804681,0.0,0.00333889816360601,0.0,0.10552237061769613,0.026758597662771288,0.5207188647746243,0.09386794657762937,PASS
Depth off,10,DLAA,600,5.421,9.525,12.369321000000008,29.280776166666705,12.342854000005346,0.04845516669111779,4.2762941666678485,74.05712400003208,0.2907310001467067,25.65776500000709,0.5620000185863319,True,0.0,0.0,0.0,0.0,0.0,0.0,0.13330966666666666,0.016660666666666667,0.016660666666666667,0.11672383333333336,0.0,5.306688666666676,1.7713494999999981,0.6729025000000001,0.0,0.0,0.0,0.0,0.0,0.0,0.0,PASS
Depth off,13,DLSS,460,23.058,16.67,21.39015500000001,53.50143739130451,21.256320434777113,0.046988478284936755,0.43712847826312734,97.77907399997471,0.2161470001107091,2.0107910000103857,0.6012000095815893,True,0.0,0.0,0.0,0.0,0.0,0.0,0.16953956521739136,0.021756086956521738,0.01958304347826087,0.1544704347826087,0.0,9.744644565217374,3.2171493478260857,1.0614041304347837,0.0,0.0,0.0,0.6000132608695652,0.12002304347826091,0.21106413043478262,0.06748934782608695,PASS
