entry,text,supporting_commits
1,"[VR Render Scale and Upscaling] Switching between DLSS, FSR and native rendering is more reliable, including repeated or rapid profile changes. (by: CSX)",d23cac359d070e42119262fa250ffa408aaf6815 | 112a32eb57d5bc75b82992ba13a7f74e45596d36 | cf3834e182c719dfd4c0539d746b65d2a287ab78
2,"[VR Render Scale and Upscaling] Saved Render Scale settings are restored more reliably at startup, including native-rendering fallback when the requested upscaler is unavailable. (by: CSX)",d23cac359d070e42119262fa250ffa408aaf6815 | 112a32eb57d5bc75b82992ba13a7f74e45596d36 | 733085ef92c94e6ecb877b3c023a77a68d11548d | aef2bbf3a49c9493bae6876f97a78f9049f199e7 | 6bea70c485390fe137a23f7826d7992bae8577ab
3,"[VR Render Scale and Upscaling] Door transitions, fast travel and save loading now handle resolution changes more safely, reducing white frames, stretched images, VR mask artefacts and black-screen hangs. (by: CSX)",7e7a3b61ff0d1aabef2c858cefa2f2a9543dc1d6 | cf3834e182c719dfd4c0539d746b65d2a287ab78 | 08e1366360ba00e20036e28470b90521678f21a2
4,"[VR Render Scale and Upscaling] Failed or interrupted resolution changes recover more safely, retain the last working presentation where possible and avoid repeated recovery loops. Ordinary saves and missing camera history no longer leave rendering stuck in recovery. (by: CSX)",466d6aa7d3c4d5fc7f4fad0ab679af39baea3a12 | aa594ba89f038431e4337d6fa4b8e87cf01a6169 | 8dfef2ab16753bd40ef5e88e39c908daa7fad117 | 568e859f90d3f37260910a20725058544cb97689
5,"[VR Render Scale and Upscaling] FSR3/FSR4 fallback, sharpening settings and stereo dispatch are handled more consistently during profile changes and recovery. (by: CSX)",ecd14659f6967ea3656509b69cc1624ff588f443 | 8e74198e06d8af4d467e9ae9332378da4788226c | bf4ae54a7d49620c41cb32ee9ecfd44657688ead
6,"[VR Render Scale and Upscaling] Added an optional link between Render Scale and DLSS/FSR selections, preserving the user's preference when switching through native anti-aliasing modes. (by: CSX)",8f89c1f9d3c60d306f0c32c9b3eeb9b48f39df9e
7,"[VR Render Scale and Upscaling] Added optional FSR3/FSR4 temporal tuning for motion response, reactivity, shading changes and history accumulation, with provider defaults retained when tuning is disabled or rejected. (by: CSX)",bb21acba7eaf9a3de5b8b1b844f4ff65a84e978d
8,"[VR Render Scale and Upscaling] Added optional motion-adaptive RCAS and Luma Unsharp sharpening for DLSS/DLAA, allowing sharpness to respond to head and camera movement. (by: CSX)",f2e77ca5c39bed024f245c29403b0e83a12ef480
9,"[VR Render Scale and Upscaling] Foveated mask previews work again, including full-coverage settings. Enabling Foveated Upscaling now selects compatible SSGI and Screen Space Shadows foveation defaults while preserving individual opt-outs. (by: CSX)",909bcccbfbd98d087559d8645c127af854aacd6e | 63d734e8d3308fe3aa21ae7f813bc0759ae3baa6
10,"[VR Render Scale and Upscaling] VR depth-culling controls, defaults and recovery have been revised to handle startup, loading and frame-history changes more reliably. (by: CSX)",42e94d004c4a420b2350c597bae162f28c88b61e | 72f6e84ab1e40a0185fabbd92929627e55cd753c | d62e1b22da2873c0afa29655f2f1350390742e0b | 196176c85217ecdb4f7947371c4270d1c2e75737 | 30c9db3ebae793fbd430a8e1dc3ee8375491d54a
11,"[VR Render Scale and Upscaling] Closing the VR map now releases its retained menu image, addressing map controls remaining over gameplay when resolution upscaling is enabled. (by: CSX)",0f7c8aa71f4a7237698209e7e58e70a613091858
12,"[VR Presets] AMD and NVIDIA systems now share GPU-unified Performance, Balanced and Quality preset tiers with consistent settings and compatibility checks. (by: CSX)",c226c0968686c141824b33c6e049673a326efebe | a610be89ebc4e604a7f7678ab276cf99c1f11c30
13,"[VR Presets] Updated the shared preset appearance with revised volumetric lighting, Fantasy bloom, skin and hair settings; IBL is disabled in these supplied presets. (by: CSX)",a43433d2a14b9295c54145e65382518dbe5c655f
14,"[VR Presets] Retuned MGO preset lighting for interiors, daytime and nighttime, with detailed profile controls enabled so the intended adjustments take effect. (by: CSX)",b6c7b431d79dc213a213d6632c589389eeba555d
15,"[Adaptive Balance and Bloom] Added Global, interior, time-of-day and location-specific Lighting, Bloom and Water profiles, with smooth transitions and consistent setting layers. (by: CSX)",61d2d2dfec67f2e2defad47100b0d76b522cc911 | ad3be8f7c91a126ccd3dc55065047ab5ae1ba6a3 | f53e9d29d43f4d8335a95fa27e95422efc46ade8
16,"[Adaptive Balance and Bloom] Location settings can supplement or replace their inherited profile, with existing profile settings migrated to the unified layout. (by: CSX)",fd4a554cd43e20e41fb7237e82fc3444d7748671 | f53e9d29d43f4d8335a95fa27e95422efc46ade8
17,"[Adaptive Balance and Bloom] Bloom profiles work independently of unrelated Linear Lighting controls, and detailed bloom shaping no longer adds unintended strength. (by: CSX)",8a36c2556843e08709dc49e6a21e706ca1bc9382 | f53e9d29d43f4d8335a95fa27e95422efc46ade8
18,[Adaptive Balance and Bloom] Added profile-aware Sky Saturation controls alongside Sky Brightness. (by: OS + CSX),f159f1d6bef14938ffcfda376d8701bc6a6fe485
19,"[Adaptive Balance and Bloom] The Ambient control now adjusts the final vanilla or image-based ambient lighting consistently, including reflections, without applying the adjustment twice. (by: CSX)",a152b0fae9a4f25ab3efc41941aca87cba3debc4
20,[Adaptive Balance and Bloom] The master enable switch correctly restores neutral lighting when disabled and retains saved adjustments for re-enabling. Essential and Advanced controls are more consistent. (by: CSX),0e2cddc9e9edd7bdde71ef739377b2dc41d9c32e | f8042ce6ec0dd514830e8b1ad574643cc21b05b5
21,"[Unified Water and Wetness] Added advanced controls for water brightness, reflections, refraction, sun specular, waves, Fresnel limits and muddiness, integrated with Adaptive Balance profiles. (by: OS + CSX)",57c18ec0e75263bf33f3a9f0e21cfb1cee09a81f | 1ca8174f7239e81b068c87f37611cea940af5ece
22,"[Unified Water and Wetness] Added wind-driven wave behaviour, with separate base wave amplitude and calm/strong-wind controls while preserving existing weather-aware settings. (by: CSX)",2d5876a43466c49815ea14b894d305371b195da3 | c36f03403fa766b00e3dbac1924ed93bc484500e
23,"[Unified Water and Wetness] Added profile-aware caustics strength, tiling, animation speed and colour dispersion, plus water-parallax strength and quality controls. Saved and imported water profiles now retain these parallax and caustics controls. (by: OS + CSX)",f159f1d6bef14938ffcfda376d8701bc6a6fe485 | d1980b8e151a814f1e6de5b7036da1b9ef21686e
24,[Unified Water and Wetness] Water appearance settings retain a working fallback when Unified Water is unavailable or disabled. Failed flowmap loading is handled more safely. (by: CSX),3ad2b280b988e19ff56b7f265044116d8b87599c | e01fc8cd0f468eac1f271d60d5af6fe27cee5a7e | 22d7775e13d39340402de79c8cf24192f09b6e51 | 67c96bf27ade37cd051bfac73fca855dddc680d8
25,"[Unified Water and Wetness] Fixed excessive IBL darkening in refracted water, improved flowmap mipmapping and restored animated normals for blended water. Invalid refraction depth and colour values are handled more safely. (by: CS + OS + CSX)",8db517efb09e037ba049b9692b73bf0ab8ea77a3 | 39d14602d5857d71599d99394a99a1193dbc6524 | c2ef21781667d9cf9ba154553504ba33ec8b07eb | 9b9196dadd940ce9a92f3dab64642bf7d73e9f88
26,"[Unified Water and Wetness] Added Simple, Textured, Textured High Quality and Legacy Procedural puddle-mask modes, with cached noise for the textured modes. (by: CSX)",730cce00e7987e356ce71445c81bd5ca379a62a8
27,"[Unified Water and Wetness] Added adjustable rain darkening for ordinary and complex grass, following the existing drying cycle. (by: CSX + OS)",930e362c084d57490573e673321bd912a42df2b1 | 15b3face5e446eb08a66eb9f48ef319e1cf3785a | 72c1c8ce843baf84976c7a70a5d514a985474610
28,"[Unified Water and Wetness] Water objects unloaded with a cell now release orphaned reflection and normal entries, addressing crashes caused by stale water materials. (by: CS + CSX)",2f9efb537b17fe63f66ecf938bbf319397ecce2a
29,"[Screenshots] Added versioned screenshot and image-sequence APIs for companion mods and automation, including headset-image capture and capture receipts. (by: CSX)",f4fe7b23e5a665cb6ae60ffc3a2335549c415ddd | 40698b64fa1220539c8c3f9d61764ad5636e3850
30,"[Screenshots] Still-image and sequence capture now honour their respective eye, encoding and destination settings more reliably, with safer request handling and cleanup. (by: CSX)",606be2099d98d739a84f02d41156b0364a4189ec | e03e4568a7a7043701526f9799e9da399c599bd0
31,"[Shader Cache and Compilation] Replaced loose shader-cache storage with managed, compatibility-checked packs and safe fallback to compilation when a pack cannot be used. (by: CSX)",0ad1fc3f6ecaf5eb0313ae5508c23d0c39cd37a4 | 11381175432267e35a3c6f68df8696559dc51463
32,"[Shader Cache and Compilation] AIO cache packaging, Mod Organizer 2 installation and runtime-specific cache selection are more reliable, including portable Horizon Fix profiles and a manual FOMOD cache installer. Corrected SE/AE prebuilt-cache input mismatches that caused unnecessary shader recompilation. (by: CSX + OS)",f143434bc380adc00e18e69f33286d815789c60c | d9ba7c458c3a74aab9178bda018672618b08031c | 9074b4676aa708ae32c26295dfd69cc8696d5efa | 11381175432267e35a3c6f68df8696559dc51463 | dd6ca74d30a3e909d95df8c40e71846648c908ff
33,"[Shader Cache and Compilation] Warm-cache reuse, cache clearing and background compilation now handle pending work more safely, preventing stale writes and unnecessary recompilation. (by: OS + CSX)",d9738694d546c55ccb670a977a53c00578d5658e | dd4dca12ecf70bb0b863d35798e18718cbb53df4 | bf0a28b06e639c72f5f088e341533bb2ba20259f | 3bffe74e7850bac4ad7093783c1275c554a06c7a | 11381175432267e35a3c6f68df8696559dc51463
34,"[Shader Cache and Compilation] Improved compilation responsiveness and in-game compiler priority, with sortable compilation statistics in the menu. (by: OS + CSX)",e48d63560681a367342eef4675b8c5262d44fab4 | 7943415ec21a441b4d4bb5c94af1f5d3508aaa26 | cfa15e1b80546819384b028d39a685b385804b99
35,[Shader Cache and Compilation] Changing background compilation mode now wakes the compiler immediately. A failed cache-file lookup can fall back to source compilation. (by: CS + CSX),1c6ab28fc14e27ac1496adf3f1748004d5b5308a
36,"[Shader Cache and Compilation] Shader category toggles now control the intended shaders, including ImageSpace compute shaders that previously followed the Lighting toggle. (by: CS + CSX)",e83494758b1db22980b067a394dfe194293b413c
37,"[Shader Cache and Compilation] Shader includes now load without consuming the limited C-runtime file slots, preventing compilation failures caused by file-table exhaustion. (by: OS + CSX)",2831ce61bba7090db9652950ea22feecba24a94d
38,[Shader Cache and Compilation] Cache packaging now rejects malformed shader bytecode and entries for the wrong shader stage. (by: OS + CSX),30f90ad88b4031943863efc478f3ec1af05a3856
39,"[Lighting and Visual Fixes] Skylighting now supports per-probe shadows, with more reliable shadow-history updates, refreshes after loading and safer capture-state restoration. (by: CS + OS + CSX)",88d5b075d8eae2006139c8c0c3546f0315fa7e20 | 4fa3a1ff8b5cf70e601b8a319b38790dcf26ec8d | 45157afa4c982227763bf1aa39ad8abc77f82509 | f6304bc62279c53f63f109f9d30ecd49217606ee | 2fd637c36b76e8adb9f75f94e5e0a24cb9018379
40,"[Lighting and Visual Fixes] Terrain shadow edges are more stable, with corrected height propagation, pixel alignment and soft-shadow interpolation. (by: CS + CSX)",1091814dcc20b3c6badf2474f990ba4fffc3fac8 | 10f38e220a8a496a123e0808c9c7ca09d426f172
41,"[Lighting and Visual Fixes] Added shared foliage scattering controls for trees and grass, including a runtime toggle. Backlit foliage now respects the available screen-space shadows. (by: OS + CSX)",13058635219e716d6c7781efd8ed68d673443253 | d2d930457447f2c1408d96a76594aa0c88ecfcc3 | 31d3a866d13f6e5422fb3859cd289f0d56ad5f2b
42,"[Lighting and Visual Fixes] Landscape-textured meshes can use Terrain Variation, with eligibility restricted to registered landscape textures during normal gameplay. (by: CS + OS + CSX)",96dc8192e13ef9af6b020449e3d7922f76895459 | 5dcbf163ee08c0bbd652bd47eedd3dbbbec2d25e
43,"[Lighting and Visual Fixes] Added a Performance/Quality selector for dynamic cubemaps, incorporating the higher-resolution capture option. (by: CSX + CS)",cbc0e6a98d6211bef663c8481f95ccf06226d173 | 664ef303b5e5164065e993a95b8739e89def8cec
44,"[Lighting and Visual Fixes] Restored working godray saturation and custom-colour controls for interiors and exteriors, including bright HDR weather colours. (by: CSX)",5b89a71c2ce55338c948a5125c5bc3e01cda2798 | 64e46571b64ebd995fd1a3e24718490a69a046cf
45,[Lighting and Visual Fixes] Added a Sky Sync control for weather lens flares. (by: CSX),076992a5f9283fff9e99d3e09d805cd92c13cbb9
46,"[Lighting and Visual Fixes] Corrected additive fog lighting, non-Linear-Lighting reflection normalization and skin darkening with Linear Lighting. Fog and reflection sampling are better isolated between VR eyes. (by: CS + OS + CSX)",36faf257052fcd114df066f896cdd955ce73bde3 | 0621d7d9a75e431af8d92096f47301ae718ab30b | 92c7b4834d10a1f6fbf803ba052a2497854d40c0 | 8e581f2a5ac0a581e61db370a836f80dbb4e1e52
47,"[Lighting and Visual Fixes] TruePBR LOD, projected and mislinked materials are handled more safely, and native grass bounds have been corrected. (by: CS + OS + CSX)",fcf2ee60d4806c99034dadc7cfe9be7b95170962 | 3f0bb774ae7bcf55ac39962430f7271f3cd5c4c6 | 6b2ef9483a64b27300801fdd7d6dac8bb22a7b35 | a171cb207c6505a25823960e97a7f96b9942e84e
48,"[Editors, Settings and Menu] Reworked the Lighting Editor with mesh picking, live light overrides, Light Placer add/edit/delete workflows, filtering, shadow bias and emittance controls. (by: CS + CSX)",05ed05dddc66951f08bbff42b6a6c173c8ac8544
49,"[Editors, Settings and Menu] Lighting Editor selection, VR pointer mapping and saved edits are handled more safely across reloads and editor shutdown. (by: CS + CSX)",05ed05dddc66951f08bbff42b6a6c173c8ac8544 | fc23e85ba4bca13b57cdb8fd2fd8792884111939
50,"[Editors, Settings and Menu] Desktop menu movement, docking, resizing and custom headset placement are available as persistent options. (by: CSX)",088593450774226653569f9b5191125ef7ccb150 | 130550a6e399051446eb1365f712b30c7a6712d4
51,"[Editors, Settings and Menu] The native Skyrim UI pointer remains visible above CSX menus when using VR Menu Mouse Fix. (by: CSX)",42b1986430e81a2774ecbbbaa295a3a4389cd43b
52,"[Editors, Settings and Menu] The Upscaling menu has clearer profile and Render Scale controls, plus a direct link that opens VR settings on the FOV tab. (by: CSX)",eb77e5e7d36893d96c376b5bda2b2d67d71cf31b | 777585db74018019c791f65aaaa651cd17f3a6ad
53,"[Editors, Settings and Menu] Reduced menu input lag and preserved finer mouse-wheel scrolling. Fixed flat-screen welcome-text flicker and menu movement around status panels. (by: CS + CSX)",2762aeff54ed7bce89ade02056e77d59a2004286 | 8d5b006cf603e0a81ad3e74982cffa8121a4a809
54,"[Editors, Settings and Menu] Settings saves can fall back to direct writes when file replacement fails, and incompatible-plugin messages explain why a plugin is blocked. (by: OS + CSX)",52636aa7b293b2f1d8d721da5cacd54fe4227c59 | c5fef532670ed1ea750fced289a05643c5f3f54e
55,"[Performance Tools] Expanded feature-cost controls and added automated upscaling comparisons, with closed-menu measurement, settling periods and restoration of the original settings. (by: CSX)",42f36e8cd225aca526487d864a82bb1dd53824f0 | b2d3847ca1e753aefb3cdab92232358284ede81b | a4b926bf412a847cfe210e635ac5d2a66c94d64f | 4c0dfd8200e905b9f13ec73e244d49fb1d25afd7
56,"[Performance Tools] CPU/GPU and A/B profiling now avoid nested double-counting, stale timings and mixed sample windows, with clearer reporting of missing measurements. (by: CS + OS + CSX)",f7599ec6d9f592d0b7087da72eb10ff2a8979329 | 09406c2fe20d1592e7a86eac63a705f024c8338a | 23c94d6e46d0cfb96f1e33ac18bb2e1b99da0e3d | d5ae839a01d656fd9a95b19fb4dcde79db1071c8 | c0d3d4d6c3c3203431e776c25f9620210db688d2
57,"[Performance Tools] Restored CPU/GPU timing for SE/AE's D3D11 presentation path, alongside the existing VR timing support. (by: CSX)",cd333196ede38eeb48aa05d15f5895ca1d1c8fbc
58,"[Mod Integration] Added versioned APIs for upscaling, weather, shaders, profiling, editor access and feature controls, allowing companion mods to use supported interfaces. (by: CSX)",9c5990fca401f4deefffb8e378127ea9fb9d2b05 | 42a8d0af3259bb2850ea903380ff8f319f28769b | 250a491c15f1a549db6cf2e9a329af75d7cf7d22 | 521f19332e8b08fa25e924d4a84252a85ab97ec8 | 216d611e58d035bd55739270c45eed6451ba2dea | deced33cd30eaf0e6abf786dfbed48a5699e1db8 | 8cfc9380bcfdd12d8464e1c86382ca753bb8dcda
59,"[Mod Integration] Added OCU integration for accepted-draw masking and optional gaze-driven AO/GI sampling, with native sampling retained when the optional gaze data is unavailable or invalid. (by: CSX)",54e99dde362e34f213e74e6013cef2671f0c6a68
60,[Compatibility and Stability] VR shadow rendering now protects scene lights and sun ownership and prevents cyclic shadow submissions that could freeze the game. (by: CSX),8dcc88204ab4d6f871ef829ade4b9b6e40924636 | 2e6d87cf763633917dbee54805476c7da0d2c995 | 012e5139e0d3b96109c9a077137ba073ced35218 | 0ade28157025881b2d6f334cf0b9d62497e3f640
61,"[Compatibility and Stability] Grass instance groups are protected while culling and cell unloading overlap, addressing a VR crash caused by freed grass data. (by: CSX)",22bb35127789b89e1b4d01dfc1ab3a28cce673e4 | dcfb45bd2c69fddd3558af57b5809dd18add7b40
62,"[Compatibility and Stability] Added protection against exhausted native culling pools, while respecting fixes already provided by Engine Fixes. Light Limit Fix compatibility with Engine Fixes VR has also improved. (by: OS + CSX)",227a3e6c2b4192cad7cde9b0a67514017e3c3c59 | f70be50eac8cbcda3c10d7c39ae7f9548c2b183b
63,"[Compatibility and Stability] Missing material textures, invalid lighting draws, malformed TruePBR data, missing skin keywords and failed graphics hooks are handled more safely. (by: CS + OS + CSX)",c87a3bdf66f95c1a637de81bc732df8b72d54fec | e4cfd8f2f842380586a1f0e6bb0dd4ded6538d41 | b2021de91a16f271d3ce1383168fdc523724074c | 99793c20272e1391258724cd526a34d91f438f73 | aca99034b1e664ad795f60bae19611e10321597a | b3d79693d88f423bef475505957b542c54e2966b
64,[Compatibility and Stability] Reduced repeated CPU bookkeeping in material checks and shadow submissions while retaining lifetime and duplicate-submission protection. (by: CSX),41aa14c190b7681a4dcaee7e3f348004b39fb19c | df9f377a53d237518c1b671b7be1085c9a65b69d
65,[Compatibility and Stability] Fixed unsafe reuse of DirectX 12 command allocators in the SE/AE frame-generation path. (by: CS + CSX),d051c2a3fb1a95a6c73641b07b6a176c047a7b1f
66,"[Compatibility and Stability] When RenderDoc is enabled or loaded, CSX now selects SteamVR compositor menus and suppresses incompatible Stabilizer synchronization and post-load presentation holds. (by: CSX)",a07f1f680a12df7101b99f494130089593daf427 | 42577999baf8b728350ecc02587899f667392d0d
